numero_jogo,data,hora,TIME A,TIME B,PLACAR A,PLACAR B,vencedor,diferenca_pontos,pts_mandante,pts_visitante,a3c_mandante,a3c_visitante,a2c_mandante,a2c_visitante,llc_mandante,llc_visitante,rt_mandante,rt_visitante,ass_mandante,ass_visitante,to_mandante,to_visitante,en_mandante,en_visitante,br_mandante,br_visitante,fc_mandante,fc_visitante,ef_mandante,ef_visitante
1,2024-10-12,17:00,Vasco,Flamengo,50,59,Flamengo,9,50,59,6,8,9,12,14,11,35,52,14,15,1,4,1,4,4,7,23,25,38,71
2,2024-10-12,18:00,Minas,Brasília,74,66,Minas,8,74,66,6,10,20,11,16,14,48,27,16,21,6,1,3,1,5,10,20,18,93,66
3,2024-10-12,18:30,Mogi,Paulistano,72,67,Mogi,5,72,67,6,6,24,18,6,13,30,40,15,16,1,0,2,2,11,8,18,17,80,75
4,2024-10-12,19:30,Pinheiros,Pato,68,67,Pinheiros,1,68,67,9,11,14,11,13,12,40,31,19,12,2,5,4,0,5,3,19,19,83,75
5,2024-10-12,19:30,São José,Botafogo,70,81,Botafogo,11,70,81,6,11,18,17,16,14,37,45,14,18,4,3,3,1,9,9,19,21,77,100
6,2024-10-14,19:30,Paulistano,Pinheiros,80,62,Paulistano,18,80,62,13,3,13,15,15,23,33,36,21,11,4,0,4,1,11,13,24,23,94,60
7,2024-10-14,20:00,Corinthians,Pato,86,89,Pato,3,86,89,13,9,13,25,21,12,33,40,20,23,1,3,1,0,2,4,20,25,93,112
8,2024-10-14,20:00,Mogi,Botafogo,70,72,Botafogo,2,70,72,9,8,15,17,13,14,49,55,13,13,2,3,1,1,9,7,25,22,74,74
9,2024-10-15,19:30,Bauru,Brasília,93,91,Bauru,2,93,91,7,18,25,8,22,21,41,42,21,13,2,2,2,1,9,5,27,26,112,92
10,2024-10-15,19:30,Fortaleza,Caxias,76,68,Fortaleza,8,76,68,7,8,21,18,13,8,43,35,13,10,0,1,1,0,9,2,16,20,85,59
11,2024-10-15,19:30,UNIFACISA,União Corinthians,83,71,UNIFACISA,12,83,71,9,5,23,24,10,8,26,37,17,12,1,0,4,0,14,7,20,18,93,68
12,2024-10-15,19:30,São José,Vasco,59,68,Vasco,9,59,68,6,7,13,12,15,23,33,42,15,22,2,1,2,1,6,15,23,20,65,86
13,2024-10-15,20:00,Franca,Minas,82,76,Franca,6,82,76,9,6,20,19,15,20,35,40,15,13,2,3,3,0,9,5,19,19,94,81
14,2024-10-17,19:30,São José,Flamengo,63,71,Flamengo,8,63,71,3,14,18,12,18,5,35,46,17,19,3,2,3,2,10,10,16,26,66,86
15,2024-10-17,19:30,Bauru,Minas,81,82,Minas,1,81,82,7,7,17,23,26,15,52,45,15,20,2,3,0,0,6,8,25,23,84,90
16,2024-10-17,19:30,Pato,São Paulo,81,88,São Paulo,7,81,88,12,8,16,22,13,20,33,44,14,18,3,1,0,0,5,4,22,18,82,104
17,2024-10-17,20:00,Franca,Brasília,79,74,Franca,5,79,74,6,10,27,18,7,8,35,35,14,16,3,1,4,1,5,3,15,20,91,75
18,2024-10-17,20:00,Mogi,Vasco,66,65,Mogi,1,66,65,6,12,18,8,12,13,37,33,17,15,2,1,2,2,10,3,19,25,74,67
19,2024-10-18,19:30,UNIFACISA,Caxias,63,81,Caxias,18,63,81,5,12,15,17,18,11,39,39,10,23,7,0,2,0,4,4,19,25,62,99
20,2024-10-18,19:30,Fortaleza,União Corinthians,70,79,União Corinthians,9,70,79,7,9,19,17,11,18,36,33,13,18,3,0,1,0,6,12,20,18,72,84
21,2024-10-19,11:00,Mogi,Flamengo,66,114,Flamengo,48,66,114,10,13,15,27,6,21,24,37,18,25,0,3,1,2,6,13,21,9,56,158
22,2024-10-19,17:00,Corinthians,São Paulo,80,82,São Paulo,2,80,82,11,10,11,18,25,16,48,35,18,17,2,0,0,1,8,6,26,23,93,89
23,2024-10-21,19:00,Minas,São José,91,64,Minas,27,91,64,11,4,24,19,10,14,41,31,18,11,3,1,6,0,7,5,16,16,112,60
24,2024-10-21,20:00,Vasco,Pinheiros,62,65,Pinheiros,3,62,65,4,5,16,17,18,16,46,48,12,11,5,1,2,1,6,10,24,23,68,64
25,2024-10-22,19:30,Pato,Fortaleza,89,60,Pato,29,89,60,14,7,19,13,9,13,44,30,19,9,2,1,2,1,10,6,15,17,115,48
26,2024-10-22,20:00,São Paulo,Franca,82,66,São Paulo,16,82,66,7,6,22,22,17,4,38,32,13,14,0,3,1,4,8,10,15,15,90,68
27,2024-10-22,20:00,Botafogo,Corinthians,58,73,Corinthians,15,58,73,5,10,16,18,11,7,51,51,13,17,0,2,0,1,7,4,14,15,68,91
28,2024-10-23,20:00,Caxias,União Corinthians,77,89,União Corinthians,12,77,89,9,7,13,22,24,24,39,34,15,23,1,1,2,4,7,5,25,28,73,106
29,2024-10-23,20:00,Brasília,São José,81,76,Brasília,5,81,76,12,3,13,25,19,17,33,39,16,15,0,2,1,0,3,4,24,25,83,87
30,2024-10-24,11:00,Botafogo,Pinheiros,67,80,Pinheiros,13,67,80,5,6,21,27,10,8,38,38,16,16,4,1,1,1,7,8,18,20,73,92
31,2024-10-24,19:00,Minas,Mogi,91,61,Minas,30,91,61,10,8,21,12,19,13,37,26,16,14,5,2,0,0,11,12,18,20,111,53
32,2024-10-24,19:30,Paulistano,Franca,90,100,Franca,10,90,100,12,14,22,24,10,10,37,25,18,22,3,6,2,0,5,7,19,16,105,124
33,2024-10-24,20:00,Flamengo,Corinthians,70,83,Corinthians,13,70,83,6,9,20,24,12,8,34,41,18,24,0,1,5,2,5,6,20,21,76,105
34,2024-10-25,19:30,Pato,UNIFACISA,85,77,Pato,8,85,77,9,11,18,14,22,16,39,43,14,12,3,2,0,2,3,8,22,24,89,80
35,2024-10-26,11:00,Brasília,Mogi,86,80,Brasília,6,86,80,16,15,12,14,14,7,42,28,17,21,3,1,1,2,6,8,16,25,101,86
36,2024-10-26,11:00,Flamengo,Pinheiros,66,61,Flamengo,5,66,61,8,7,13,16,16,8,35,37,12,17,0,1,1,0,11,7,17,20,70,70
37,2024-10-26,17:00,São Paulo,Bauru,78,68,São Paulo,10,78,68,9,10,13,15,25,8,38,40,15,15,0,4,0,0,6,5,19,25,85,70
38,2024-10-27,20:00,Fortaleza,Botafogo,52,77,Botafogo,25,52,77,4,7,19,24,2,8,30,35,11,17,0,1,2,3,6,8,15,16,42,91
39,2024-10-28,19:30,Paulistano,Bauru,79,83,Bauru,4,79,83,10,9,15,19,19,18,36,41,14,14,1,2,2,1,7,5,22,19,83,91
40,2024-10-28,20:00,Franca,Pato,93,70,Franca,23,93,70,8,8,23,15,23,16,34,38,17,10,4,1,5,0,4,7,20,26,111,66
41,2024-10-29,19:30,Fortaleza,Flamengo,56,78,Flamengo,22,56,78,3,7,19,21,9,15,35,44,7,12,1,1,1,0,5,2,17,14,48,90
42,2024-10-29,20:00,Pinheiros,Minas,67,77,Minas,10,67,77,7,10,17,22,12,3,35,33,17,15,3,2,0,1,3,9,15,18,71,89
43,2024-10-30,19:30,UNIFACISA,Botafogo,90,74,UNIFACISA,16,90,74,8,8,25,22,16,6,41,35,20,16,2,3,4,2,11,6,15,15,113,78
44,2024-10-30,20:00,São Paulo,Paulistano,86,84,São Paulo,2,86,84,9,10,21,19,17,16,32,27,20,17,3,3,1,2,5,11,19,19,100,89
45,2024-10-31,20:00,Corinthians,Minas,60,86,Minas,26,60,86,11,8,10,25,7,12,23,59,16,17,4,2,1,1,6,5,17,17,56,116
46,2024-10-31,20:00,Caxias,Pato,81,80,Caxias,1,81,80,7,8,19,21,22,14,37,39,18,13,2,2,2,0,6,4,19,23,95,88
47,2024-10-31,20:00,Pinheiros,Brasília,75,89,Brasília,14,75,89,9,14,19,13,10,21,39,44,10,17,1,1,0,2,4,10,24,21,73,105
48,2024-10-31,21:00,Bauru,Franca,76,70,Bauru,6,76,70,9,7,22,16,5,17,36,43,18,17,5,1,2,0,7,6,23,14,91,74
49,2024-11-01,19:30,Fortaleza,Vasco,68,70,Vasco,2,68,70,4,10,24,13,8,14,45,32,15,15,3,0,0,0,2,8,17,16,81,72
50,2024-11-01,19:30,UNIFACISA,Flamengo,77,87,Flamengo,10,77,87,11,12,18,18,8,15,31,41,7,14,1,0,0,4,6,3,16,16,73,98
52,2024-11-02,17:00,Paulistano,Botafogo,88,70,Paulistano,18,88,70,9,12,23,14,15,6,34,30,19,20,4,0,1,1,9,6,17,18,109,71
53,2024-11-02,18:00,Corinthians,Brasília,99,105,Brasília,6,99,105,13,14,25,18,10,27,40,36,26,19,1,1,2,1,4,5,18,13,118,122
54,2024-11-02,18:00,Bauru,São José,73,67,Bauru,6,73,67,12,4,13,19,11,17,34,43,20,20,0,0,2,3,8,9,25,22,75,75
55,2024-11-02,19:00,União Corinthians,Pato,81,70,União Corinthians,11,81,70,6,10,24,14,15,12,35,29,19,15,2,2,0,0,10,7,25,23,95,66
56,2024-11-04,19:30,UNIFACISA,Vasco,72,81,Vasco,9,72,81,9,13,14,13,17,16,42,49,14,11,1,0,2,0,11,9,17,19,72,84
57,2024-11-04,20:00,Flamengo,Caxias,84,55,Flamengo,29,84,55,11,8,18,11,15,9,36,36,31,14,3,2,1,0,10,6,14,21,119,51
58,2024-11-04,20:00,Franca,São José,77,86,São José,9,77,86,7,9,20,22,16,15,33,37,9,16,2,0,2,3,11,5,23,24,78,90
59,2024-11-05,19:30,Paulistano,Corinthians,69,75,Corinthians,6,69,75,6,10,19,20,13,5,36,34,16,20,4,4,3,1,9,2,18,20,81,83
60,2024-11-05,20:00,São Paulo,Pinheiros,69,76,Pinheiros,7,69,76,8,15,16,11,13,9,30,40,21,18,3,1,2,1,9,8,17,17,86,79
61,2024-11-05,20:00,Brasília,Fortaleza,73,72,Brasília,1,73,72,8,4,17,21,15,18,38,40,13,12,1,2,0,0,16,9,18,21,79,83
62,2024-11-06,20:00,Botafogo,União Corinthians,71,80,União Corinthians,9,71,80,8,9,17,22,13,9,39,46,16,23,4,4,2,3,8,5,19,16,82,107
63,2024-11-06,20:00,Franca,Mogi,77,68,Franca,9,77,68,8,11,18,16,17,3,37,24,13,15,3,0,1,2,6,7,14,22,91,68
64,2024-11-07,19:00,Minas,Fortaleza,86,64,Minas,22,86,64,10,9,23,16,10,5,45,33,25,12,1,1,2,1,11,8,17,18,114,48
65,2024-11-07,20:00,Vasco,Caxias,80,71,Vasco,9,80,71,7,9,18,17,23,10,34,45,22,17,0,3,3,5,11,3,21,25,96,75
66,2024-11-07,20:30,São Paulo,Flamengo,77,75,São Paulo,2,77,75,11,11,18,13,8,16,46,52,18,20,3,7,0,0,4,8,19,16,88,94
67,2024-11-08,19:30,Bauru,Mogi,68,66,Bauru,2,68,66,7,8,17,14,13,14,36,34,17,16,0,1,4,0,8,6,20,20,74,69
68,2024-11-08,19:30,São José,Paulistano,62,75,Paulistano,13,62,75,5,9,19,19,9,10,33,43,7,16,3,3,1,0,14,6,18,15,66,87
69,2024-11-09,15:00,Brasília,UNIFACISA,77,72,Brasília,5,77,72,6,5,15,21,29,15,46,55,14,9,3,1,1,1,3,5,23,27,87,78
70,2024-11-09,16:00,Vasco,União Corinthians,79,81,União Corinthians,2,79,81,12,8,12,22,19,13,36,43,21,21,4,3,1,4,2,7,19,26,88,102
71,2024-11-09,17:00,Corinthians,Franca,75,83,Franca,8,75,83,10,11,20,21,5,8,39,31,20,18,3,1,0,1,2,7,15,12,90,100
72,2024-11-09,21:00,Botafogo,Caxias,63,69,Caxias,6,63,69,5,7,22,15,4,18,34,37,18,13,4,1,0,1,6,6,23,19,71,73
73,2024-11-11,19:00,Minas,UNIFACISA,78,76,Minas,2,78,76,10,9,18,21,12,7,36,34,19,19,5,6,1,2,6,6,11,19,90,89
74,2024-11-11,19:30,Fortaleza,Paulistano,66,49,Fortaleza,17,66,49,7,7,16,9,13,10,45,39,13,5,3,2,0,0,12,5,22,19,84,35
75,2024-11-11,19:30,São José,São Paulo,79,68,São José,11,79,68,12,6,15,18,13,14,48,36,24,12,2,2,1,0,4,5,20,15,101,64
76,2024-11-11,20:00,Pinheiros,Franca,87,76,Pinheiros,11,87,76,11,10,22,14,10,18,44,23,20,14,0,0,1,1,6,7,21,17,110,72
77,2024-11-11,20:00,Flamengo,União Corinthians,95,77,Flamengo,18,95,77,8,9,26,16,19,18,34,31,28,17,4,0,4,0,9,10,24,26,123,73
78,2024-11-12,19:30,Pato,Vasco,76,84,Vasco,8,76,84,12,11,15,20,10,11,36,40,17,24,2,2,0,2,10,9,16,18,77,106
79,2024-11-12,20:00,Corinthians,Bauru,103,87,Corinthians,16,103,87,13,10,25,22,14,13,33,28,22,19,1,0,1,3,9,5,14,13,127,94
80,2024-11-13,18:00,Flamengo,Botafogo,91,67,Flamengo,24,91,67,10,10,23,13,15,11,39,38,21,17,1,5,0,2,11,4,14,18,118,70
81,2024-11-14,19:30,Fortaleza,São Paulo,79,80,São Paulo,1,79,80,9,8,18,21,16,14,41,38,16,16,3,1,1,0,7,5,26,16,90,81
82,2024-11-14,19:30,União Corinthians,Minas,71,89,Minas,18,71,89,7,10,15,26,20,7,36,40,19,18,0,3,3,1,9,7,21,21,71,108
83,2024-11-14,20:00,UNIFACISA,Paulistano,69,86,Paulistano,17,69,86,5,8,19,22,16,18,36,31,5,13,2,2,1,2,5,7,17,19,61,100
84,2024-11-14,20:00,Caxias,Brasília,71,76,Brasília,5,71,76,8,10,19,12,9,22,36,35,8,14,3,5,0,2,4,7,24,17,66,89
85,2024-11-14,20:00,Pinheiros,Bauru,80,87,Bauru,7,80,87,7,8,16,26,27,11,33,40,15,16,3,2,1,2,7,2,20,26,81,96
86,2024-11-15,18:00,São José,Mogi,89,79,São José,10,89,79,7,10,24,18,20,13,40,36,26,16,4,0,2,1,5,8,16,23,117,80
87,2024-11-15,20:00,Botafogo,Vasco,68,66,Botafogo,2,68,66,6,8,17,15,16,12,42,40,10,8,2,4,0,1,6,5,21,27,65,72
88,2024-11-16,17:00,Flamengo,Franca,88,65,Flamengo,23,88,65,7,10,26,13,15,9,40,27,20,16,1,2,3,2,10,3,21,18,116,64
89,2024-11-16,17:00,Caxias,Minas,58,78,Minas,20,58,78,6,5,17,26,6,11,27,39,9,17,1,1,1,2,6,5,21,10,52,94
90,2024-11-16,19:00,União Corinthians,Brasília,76,78,Brasília,2,76,78,5,10,20,18,21,12,37,26,17,15,0,0,1,2,5,2,23,24,90,75
91,2024-11-17,11:00,Vasco,Corinthians,90,84,Vasco,6,90,84,8,8,22,19,22,22,42,45,17,20,4,3,3,2,5,1,25,27,101,92
92,2024-11-17,11:00,Pato,Paulistano,66,65,Pato,1,66,65,9,6,17,18,5,11,34,30,12,9,0,0,0,2,6,9,20,13,72,63
93,2024-11-17,17:00,UNIFACISA,São Paulo,88,84,UNIFACISA,4,88,84,14,8,18,21,10,18,40,29,17,17,2,2,0,2,5,3,26,21,98,92
94,2024-11-27,19:30,Bauru,Fortaleza,80,71,Bauru,9,80,71,9,9,19,14,15,16,31,38,15,17,0,4,0,1,9,9,19,17,85,83
95,2024-11-27,19:30,São José,Caxias,88,66,São José,22,88,66,10,11,22,14,14,5,43,35,22,16,2,1,4,0,8,6,12,17,117,61
96,2024-11-27,20:00,Mogi,União Corinthians,82,85,União Corinthians,3,82,85,8,4,17,26,24,21,36,47,17,15,6,3,1,1,7,11,25,25,94,89
97,2024-11-28,11:00,Corinthians,Pinheiros,69,89,Pinheiros,20,69,89,6,11,18,26,15,4,36,42,15,23,2,1,0,3,4,5,15,21,71,112
98,2024-11-28,20:00,Pato,Botafogo,98,78,Pato,20,98,78,14,10,23,16,10,16,50,27,21,12,3,3,1,2,8,11,20,15,130,69
99,2024-11-29,19:30,São José,União Corinthians,98,82,São José,16,98,82,7,9,24,20,29,15,33,29,18,20,5,1,4,3,9,8,20,31,116,90
100,2024-11-29,20:00,Franca,Fortaleza,97,71,Franca,26,97,71,12,5,20,19,21,18,37,30,22,10,4,0,2,1,9,6,21,24,123,62
101,2024-11-29,20:00,Mogi,Caxias,74,71,Mogi,3,74,71,6,8,20,15,16,17,35,25,15,17,1,1,1,3,5,6,22,24,86,77
102,2024-11-30,15:00,Flamengo,Minas,70,81,Minas,11,70,81,11,7,13,21,11,18,39,48,14,13,3,7,3,0,6,9,23,19,68,100
103,2024-11-30,18:00,Bauru,UNIFACISA,70,61,Bauru,9,70,61,10,5,16,18,8,10,50,46,22,14,3,3,2,3,5,9,22,18,85,69
104,2024-12-02,19:30,São José,Corinthians,83,78,São José,5,83,78,8,17,21,8,17,11,31,36,21,19,4,2,1,0,11,7,14,17,105,87
105,2024-12-02,20:00,Franca,UNIFACISA,68,71,UNIFACISA,3,68,71,6,13,20,9,10,14,37,38,13,11,1,2,4,0,7,7,18,19,72,79
106,2024-12-02,20:00,Botafogo,Minas,68,95,Minas,27,68,95,7,12,19,25,9,9,31,47,17,28,4,4,0,1,9,6,17,19,67,129
107,2024-12-02,20:00,Mogi,Pinheiros,53,73,Pinheiros,20,53,73,3,7,12,17,20,18,40,53,7,10,3,3,1,3,9,6,21,30,38,82
108,2024-12-03,19:30,Pato,Flamengo,103,110,Flamengo,7,103,110,16,13,20,21,15,29,34,57,16,19,4,1,1,1,8,5,26,17,111,130
109,2024-12-03,20:00,Caxias,Bauru,66,71,Bauru,5,66,71,3,7,20,14,17,22,38,25,12,13,1,2,2,0,6,10,26,25,67,72
110,2024-12-04,19:30,Paulistano,Vasco,70,76,Vasco,6,70,76,6,8,19,16,14,20,32,40,15,20,2,3,1,0,8,8,25,20,75,91
111,2024-12-05,19:00,Minas,Pato,97,70,Minas,27,97,70,17,12,19,14,8,6,37,30,26,15,4,4,2,0,9,5,18,12,125,71
112,2024-12-05,19:30,União Corinthians,Bauru,83,77,União Corinthians,6,83,77,8,12,22,14,15,13,41,36,17,13,1,4,1,2,14,10,27,26,92,73
113,2024-12-05,20:00,Botafogo,Brasília,67,89,Brasília,22,67,89,7,13,17,18,12,14,39,44,15,18,2,0,0,1,7,7,19,17,69,109
114,2024-12-05,20:30,Caxias,Franca,76,82,Franca,6,76,82,11,6,18,28,7,8,31,36,15,21,3,2,1,2,7,8,20,14,83,102
115,2024-12-06,11:00,Fortaleza,Mogi,76,69,Fortaleza,7,76,69,4,6,21,17,22,17,32,26,16,12,3,0,4,2,9,10,23,19,91,63
116,2024-12-06,19:30,UNIFACISA,São José,70,58,UNIFACISA,12,70,58,10,4,15,15,10,16,35,39,19,18,2,0,2,3,5,7,19,17,81,57
117,2024-12-06,20:00,São Paulo,Vasco,84,87,Vasco,3,84,87,11,12,22,20,7,11,35,34,21,21,5,1,3,2,9,8,23,19,101,92
118,2024-12-07,17:00,União Corinthians,Franca,72,92,Franca,20,72,92,6,11,20,21,14,17,40,31,14,21,1,6,1,1,5,7,24,22,70,112
119,2024-12-07,18:00,Flamengo,Brasília,90,84,Flamengo,6,90,84,9,15,26,13,11,13,38,31,23,14,2,4,3,3,6,1,21,20,114,86
120,2024-12-09,19:30,Fortaleza,São José,55,75,São José,20,55,75,6,7,15,18,7,18,35,53,10,16,3,3,5,1,4,6,22,14,50,95
121,2024-12-09,19:30,UNIFACISA,Mogi,66,70,Mogi,4,66,70,11,8,12,16,9,14,41,40,16,11,1,2,1,2,9,8,22,16,71,78
122,2024-12-09,20:00,Vasco,Minas,81,64,Vasco,17,81,64,10,3,18,19,15,17,31,46,19,16,0,4,0,1,8,5,28,25,85,71
123,2024-12-10,19:30,Paulistano,União Corinthians,78,65,Paulistano,13,78,65,5,5,21,19,21,12,37,40,20,13,3,3,3,1,7,6,18,24,92,68
124,2024-12-10,20:00,São Paulo,Caxias,89,79,São Paulo,10,89,79,8,14,23,16,19,5,37,29,24,24,3,0,1,0,10,12,13,22,112,89
125,2024-12-12,19:30,Paulistano,Caxias,82,72,Paulistano,10,82,72,9,6,21,20,13,14,33,30,21,13,3,0,1,1,8,8,25,21,103,71
126,2024-12-12,19:30,Vasco,Brasília,79,88,Brasília,9,79,88,14,11,14,19,9,17,37,36,20,22,5,2,0,4,5,5,18,17,93,105
127,2024-12-12,20:00,Corinthians,Fortaleza,92,83,Corinthians,9,92,83,13,4,17,25,19,21,29,39,24,23,0,3,1,3,5,8,20,20,105,107
128,2024-12-12,20:00,Pinheiros,UNIFACISA,78,82,UNIFACISA,4,78,82,13,14,15,19,9,2,37,31,15,20,1,1,1,0,6,10,14,16,89,101
129,2024-12-12,20:00,São Paulo,União Corinthians,70,80,União Corinthians,10,70,80,3,10,21,19,19,12,32,30,13,14,1,0,1,1,7,6,21,25,67,76
130,2024-12-13,19:30,Bauru,Pato,97,91,Bauru,6,97,91,14,10,20,26,15,9,46,28,20,21,0,0,0,0,4,4,19,23,108,100
131,2024-12-14,17:00,Corinthians,UNIFACISA,77,80,UNIFACISA,3,77,80,10,10,20,22,7,6,35,33,16,20,1,2,0,2,7,8,17,15,88,98
132,2024-12-14,17:00,Pinheiros,Fortaleza,76,74,Pinheiros,2,76,74,8,8,20,21,12,8,35,41,18,17,3,6,1,1,8,6,18,19,83,90
133,2024-12-15,11:00,São Paulo,Botafogo,82,71,São Paulo,11,82,71,6,11,26,14,12,10,39,44,18,22,0,0,3,1,10,7,13,22,95,80
134,2024-12-16,19:30,Brasília,Pato,98,94,Brasília,4,98,94,15,16,16,14,21,18,37,41,18,18,3,0,1,0,3,6,19,24,109,109
135,2024-12-17,19:30,São José,Pinheiros,76,77,Pinheiros,1,76,77,8,4,16,24,20,17,39,34,24,11,4,4,2,2,7,10,20,21,99,81
136,2024-12-17,20:00,Mogi,Corinthians,70,72,Corinthians,2,70,72,4,8,21,17,16,14,27,47,14,8,5,1,1,1,8,3,25,20,77,69
137,2024-12-18,18:00,Botafogo,Bauru,93,92,Botafogo,1,93,92,8,9,28,25,13,15,41,30,17,15,4,1,3,2,9,11,23,24,105,87
138,2024-12-18,20:00,Brasília,Paulistano,87,102,Paulistano,15,87,102,12,13,18,24,15,15,25,43,15,22,1,2,3,2,7,2,19,22,93,126
139,2024-12-19,19:30,UNIFACISA,Fortaleza,77,81,Fortaleza,4,77,81,7,11,16,16,24,16,34,33,15,19,2,4,2,3,5,5,25,22,86,93
140,2024-12-19,19:30,Pato,São José,85,81,Pato,4,85,81,12,11,14,13,21,22,42,41,18,9,0,2,1,0,8,8,24,24,88,79
141,2024-12-20,19:00,Minas,Paulistano,86,82,Minas,4,86,82,6,8,29,20,10,18,39,42,21,19,5,2,0,1,9,4,23,19,111,90
142,2024-12-20,20:00,Flamengo,Bauru,94,79,Flamengo,15,94,79,11,11,20,15,21,16,42,35,22,19,2,0,2,4,5,10,22,28,110,89
143,2024-12-21,11:00,Brasília,São Paulo,83,85,São Paulo,2,83,85,12,13,18,17,11,12,38,37,17,11,1,0,1,1,5,5,19,16,90,92
144,2024-12-21,17:00,Vasco,Franca,69,88,Franca,19,69,88,4,9,23,26,11,9,36,38,21,20,2,0,4,4,3,7,19,21,70,103
145,2024-12-21,17:00,Caxias,Pinheiros,92,101,Pinheiros,9,92,101,11,8,17,24,25,29,32,40,17,20,2,0,2,3,10,10,29,31,88,116
146,2024-12-21,18:00,Pato,Mogi,90,106,Mogi,16,90,106,9,14,27,21,9,22,33,31,19,21,1,1,2,3,7,7,23,20,97,119
147,2024-12-21,19:00,União Corinthians,Corinthians,79,64,União Corinthians,15,79,64,8,4,21,22,13,8,45,34,19,10,4,0,1,1,5,5,18,17,94,55
148,2024-12-23,19:30,Minas,São Paulo,77,63,Minas,14,77,63,6,9,26,13,7,10,44,35,16,13,3,0,3,0,8,3,15,14,89,62
149,2024-12-23,19:30,Paulistano,Flamengo,75,89,Flamengo,14,75,89,16,7,9,23,9,22,27,31,14,21,2,1,0,4,4,6,19,17,73,114
150,2024-12-23,19:30,União Corinthians,Pinheiros,80,73,União Corinthians,7,80,73,5,3,26,25,13,14,38,38,14,11,2,4,0,4,10,10,20,25,82,69
151,2024-12-23,20:00,Botafogo,Franca,73,86,Franca,13,73,86,5,8,21,24,16,14,34,38,18,19,0,3,1,2,6,11,17,20,72,103
152,2024-12-23,20:00,Vasco,Bauru,81,63,Vasco,18,81,63,9,6,19,18,16,9,47,46,22,12,2,1,1,0,5,4,19,20,101,58
153,2024-12-23,20:00,Caxias,Corinthians,80,79,Caxias,1,80,79,10,11,20,19,10,8,28,30,18,22,2,1,0,0,11,3,19,20,92,94
154,2024-12-27,19:00,Minas,Bauru,83,73,Minas,10,83,73,7,6,24,22,14,11,51,38,23,17,4,4,3,3,12,10,14,20,106,72
155,2024-12-27,19:30,Pato,Pinheiros,90,86,Pato,4,90,86,12,15,17,15,20,11,45,38,18,13,2,5,1,1,2,5,25,22,106,81
156,2024-12-27,19:30,União Corinthians,UNIFACISA,75,76,UNIFACISA,1,75,76,8,9,20,21,11,7,43,33,23,20,0,6,1,3,6,7,19,22,84,90
157,2024-12-27,20:00,Flamengo,São José,82,89,São José,7,82,89,8,11,23,19,12,18,34,41,14,21,3,3,3,3,13,10,25,19,95,104
158,2024-12-27,20:00,Botafogo,Mogi,97,85,Botafogo,12,97,85,12,12,20,21,21,7,32,42,26,21,3,2,4,3,16,7,16,25,119,91
159,2024-12-27,20:00,Brasília,Franca,91,86,Brasília,5,91,86,12,5,21,24,13,23,36,34,21,15,3,0,1,4,9,6,23,16,111,91
160,2024-12-27,20:00,Caxias,Fortaleza,73,70,Caxias,3,73,70,11,9,13,17,14,9,33,38,17,13,1,2,0,2,12,3,20,26,79,73
161,2024-12-28,16:30,Paulistano,São Paulo,80,76,Paulistano,4,80,76,11,6,19,19,9,20,37,33,24,23,2,1,3,3,9,6,22,18,99,91
162,2024-12-29,11:00,Minas,Franca,92,73,Minas,19,92,73,9,8,27,17,11,15,38,31,21,12,4,4,2,3,8,7,20,15,117,71
163,2024-12-29,11:00,Brasília,Bauru,77,67,Brasília,10,77,67,10,7,16,16,15,14,43,42,15,12,1,1,0,0,5,4,22,25,90,64
164,2024-12-29,11:00,Caxias,UNIFACISA,65,78,UNIFACISA,13,65,78,6,9,18,22,11,7,27,42,12,16,1,4,0,2,8,3,21,18,64,92
165,2024-12-29,11:00,União Corinthians,Fortaleza,82,71,União Corinthians,11,82,71,10,8,18,18,16,11,51,33,17,12,5,2,2,0,3,4,16,21,100,75
166,2024-12-29,11:00,Vasco,São José,69,75,São José,6,69,75,7,9,16,17,16,14,43,48,13,18,1,0,2,0,9,4,21,13,74,83
167,2024-12-29,11:00,Flamengo,Mogi,81,60,Flamengo,21,81,60,7,9,18,14,24,5,46,35,14,15,3,1,4,2,9,8,14,27,97,61
168,2024-12-29,11:00,Pato,Corinthians,76,85,Corinthians,9,76,85,11,12,14,15,15,19,39,39,16,20,0,2,0,3,6,5,23,19,81,100
169,2025-01-09,20:00,Corinthians,Vasco,99,79,Corinthians,20,99,79,11,5,27,26,12,12,41,33,22,21,0,5,2,0,5,5,19,19,119,95
170,2025-01-09,20:00,Pinheiros,Botafogo,75,63,Pinheiros,12,75,63,7,7,22,17,10,8,43,31,18,14,1,1,3,1,9,10,19,20,89,66
171,2025-01-10,19:30,Paulistano,Mogi,76,63,Paulistano,13,76,63,8,7,21,14,10,14,37,37,18,18,3,0,2,1,9,4,19,20,91,59
172,2025-01-10,19:30,UNIFACISA,Pato,80,67,UNIFACISA,13,80,67,13,8,16,18,9,7,42,35,21,13,3,0,3,1,7,8,15,21,98,63
173,2025-01-11,17:00,Bauru,São Paulo,75,73,Bauru,2,75,73,10,6,16,18,13,19,36,39,16,18,5,0,1,1,9,11,25,19,78,78
174,2025-01-11,18:00,Corinthians,Botafogo,84,79,Corinthians,5,84,79,10,9,19,21,16,10,32,34,20,14,1,3,1,0,7,9,17,17,97,88
175,2025-01-11,18:00,Pinheiros,Vasco,87,70,Pinheiros,17,87,70,11,5,17,16,20,23,46,35,19,19,0,3,0,0,10,7,24,24,108,76
176,2025-01-11,18:00,São José,Brasília,94,79,São José,15,94,79,10,15,25,15,14,4,39,34,19,17,3,1,4,0,6,5,19,22,118,84
177,2025-01-13,19:30,Fortaleza,Pato,80,76,Fortaleza,4,80,76,9,8,19,20,15,12,51,41,17,16,2,1,3,1,7,4,22,23,91,80
178,2025-01-13,19:30,União Corinthians,Caxias,78,77,União Corinthians,1,78,77,9,9,19,17,13,16,38,31,20,12,2,1,1,1,4,2,29,24,92,73
179,2025-01-13,20:00,Mogi,Brasília,89,71,Mogi,18,89,71,14,8,22,18,3,11,43,31,23,9,2,2,4,1,5,7,17,11,115,67
180,2025-01-14,20:30,Vasco,UNIFACISA,76,74,Vasco,2,76,74,9,8,16,20,17,10,37,37,24,17,4,0,2,1,7,7,19,21,98,77
181,2025-01-16,20:00,Botafogo,UNIFACISA,71,83,UNIFACISA,12,71,83,3,15,22,12,18,14,34,39,14,17,5,1,2,2,7,8,18,26,75,92
182,2025-01-16,21:00,Corinthians,Flamengo,95,87,Corinthians,8,95,87,20,13,13,17,9,14,38,40,22,21,2,2,1,4,6,6,20,18,114,101
183,2025-01-17,20:00,São Paulo,Mogi,69,80,Mogi,11,69,80,4,18,18,8,21,10,34,28,19,20,1,3,1,0,4,11,16,22,74,98
184,2025-01-18,16:00,Vasco,Fortaleza,75,74,Vasco,1,75,74,12,8,14,21,11,8,36,40,16,16,3,3,3,0,7,9,19,19,82,85
185,2025-01-18,17:00,Pinheiros,Flamengo,65,86,Flamengo,21,65,86,8,14,16,19,9,6,30,39,14,22,1,1,1,3,2,13,15,16,66,110
186,2025-01-18,18:00,Franca,Paulistano,84,86,Paulistano,2,84,86,10,9,21,23,12,13,32,33,14,20,5,3,0,1,7,12,20,23,86,101
187,2025-01-20,19:30,Bauru,Paulistano,73,85,Paulistano,12,73,85,9,11,20,21,6,10,23,41,18,17,3,3,2,3,12,12,18,16,71,103
188,2025-01-20,19:30,Pato,Caxias,78,65,Pato,13,78,65,9,6,21,17,9,13,42,28,17,11,2,2,3,1,8,2,20,15,91,56
189,2025-01-20,19:30,São José,Minas,98,88,São José,10,98,88,16,16,17,17,16,6,43,26,17,26,2,3,4,0,11,6,16,19,113,97
190,2025-01-20,19:30,Botafogo,Fortaleza,74,83,Fortaleza,9,74,83,5,14,22,15,15,11,30,40,18,19,4,2,3,0,8,7,21,19,86,95
191,2025-01-21,20:00,Franca,São Paulo,75,65,Franca,10,75,65,10,6,13,19,19,9,39,35,14,12,1,0,0,1,8,4,17,24,87,64
192,2025-01-22,19:30,Pato,União Corinthians,81,74,Pato,7,81,74,7,6,21,21,18,14,35,38,12,21,2,4,1,3,6,3,18,21,89,89
193,2025-01-22,20:00,Brasília,Corinthians,74,70,Brasília,4,74,70,7,7,18,14,17,21,40,45,16,12,0,1,1,0,9,6,23,21,84,73
194,2025-01-22,20:00,Mogi,Minas,68,79,Minas,11,68,79,6,6,12,21,26,19,34,37,15,9,1,1,2,1,9,10,24,26,64,83
195,2025-01-23,20:00,São Paulo,São José,80,89,São José,9,80,89,6,11,23,21,16,14,33,41,18,21,1,0,1,0,5,6,22,22,85,101
196,2025-02-04,20:00,Caxias,Vasco,88,82,Caxias,6,88,82,11,9,18,20,19,15,36,32,19,19,2,0,2,1,4,5,23,24,102,88
197,2025-02-04,20:00,Mogi,São José,97,93,Mogi,4,97,93,14,9,19,21,17,24,37,56,20,13,2,3,1,2,9,2,26,21,108,99
198,2025-02-04,20:30,São Paulo,Corinthians,66,90,Corinthians,24,66,90,9,13,14,16,11,19,29,44,13,28,0,1,1,1,6,11,18,21,50,116
199,2025-02-05,19:30,UNIFACISA,Brasília,80,67,UNIFACISA,13,80,67,10,9,17,12,16,16,38,36,17,13,1,1,2,1,7,2,23,23,87,62
200,2025-02-05,19:30,Pato,Bauru,91,94,Bauru,3,91,94,16,8,13,26,17,18,47,33,22,18,0,1,0,1,2,13,25,23,100,108
201,2025-02-05,20:00,Pinheiros,Paulistano,61,69,Paulistano,8,61,69,7,7,12,15,16,18,39,39,8,13,0,2,0,4,8,14,24,25,47,78
202,2025-02-06,19:30,União Corinthians,Vasco,84,71,União Corinthians,13,84,71,6,6,24,17,18,19,41,26,21,20,1,3,3,1,5,9,27,29,94,72
203,2025-02-06,20:00,Caxias,Botafogo,78,67,Caxias,11,78,67,4,4,28,21,10,13,39,34,18,17,2,1,3,1,7,8,23,17,93,69
204,2025-02-07,19:30,Fortaleza,Brasília,62,84,Brasília,22,62,84,5,12,18,20,11,8,42,39,12,11,1,1,0,2,5,9,16,19,63,98
205,2025-02-08,17:00,Pinheiros,São Paulo,80,71,Pinheiros,9,80,71,12,13,17,9,10,14,38,30,18,20,0,0,3,0,7,1,19,19,91,77
206,2025-02-08,17:00,União Corinthians,Botafogo,90,77,União Corinthians,13,90,77,4,3,35,25,8,18,31,39,17,12,0,0,2,0,8,5,22,19,99,75
207,2025-02-08,18:00,Mogi,Bauru,62,80,Bauru,18,62,80,6,7,16,25,12,9,33,39,12,19,3,4,1,1,5,5,15,15,61,98
208,2025-02-11,20:30,Corinthians,Paulistano,74,65,Corinthians,9,74,65,6,6,17,20,22,7,35,49,17,20,3,1,0,1,5,7,17,19,89,76
209,2025-02-12,20:00,Brasília,Caxias,83,77,Brasília,6,83,77,7,7,19,18,24,20,37,38,21,15,2,1,1,0,6,7,22,21,99,86
210,2025-02-13,11:00,São Paulo,UNIFACISA,68,66,São Paulo,2,68,66,6,11,19,14,12,5,40,34,13,16,2,0,2,0,6,7,17,19,76,67
211,2025-02-13,19:00,Minas,Corinthians,63,72,Corinthians,9,63,72,9,7,11,19,14,13,44,43,14,16,2,4,0,2,9,8,20,24,62,88
212,2025-02-13,19:30,Paulistano,São José,93,78,Paulistano,15,93,78,12,5,19,19,19,25,35,37,25,10,2,0,1,0,7,6,25,22,108,74
213,2025-02-13,20:00,Flamengo,Fortaleza,84,79,Flamengo,5,84,79,8,5,20,23,20,18,39,37,15,14,3,2,1,2,6,7,20,23,94,84
214,2025-02-14,20:00,Brasília,União Corinthians,95,71,Brasília,24,95,71,16,6,18,18,11,17,38,36,26,19,3,1,0,0,5,5,24,20,123,74
215,2025-02-14,20:00,Mogi,Franca,81,91,Franca,10,81,91,10,9,15,24,21,16,26,31,19,20,1,2,0,3,9,10,20,27,84,114
216,2025-02-14,20:00,Vasco,Pato,98,86,Vasco,12,98,86,11,15,17,16,31,9,36,35,24,19,5,1,0,2,6,2,21,32,126,82
217,2025-02-15,17:00,Minas,Pinheiros,70,59,Minas,11,70,59,10,10,16,10,8,9,45,44,20,11,6,3,2,0,3,3,16,19,91,57
218,2025-02-15,19:00,Flamengo,UNIFACISA,85,71,Flamengo,14,85,71,11,12,20,14,12,7,42,30,18,19,5,1,1,0,9,6,16,18,116,70
219,2025-02-16,11:00,Botafogo,Pato,91,76,Botafogo,15,91,76,15,12,20,16,6,8,34,37,23,21,1,2,2,0,5,5,13,18,106,88
220,2025-02-16,18:00,Bauru,Corinthians,74,64,Bauru,10,74,64,8,6,22,18,6,10,44,46,19,13,2,2,2,1,7,2,23,14,86,59
221,2025-02-16,18:00,São José,Franca,68,105,Franca,37,68,105,12,10,10,27,12,21,26,49,20,21,2,2,3,4,7,6,21,14,69,140
222,2025-02-26,20:00,Brasília,Pinheiros,72,70,Brasília,2,72,70,10,5,15,21,12,13,36,43,21,9,4,0,1,1,7,5,17,19,89,69
223,2025-02-27,19:30,Paulistano,UNIFACISA,75,77,UNIFACISA,2,75,77,5,8,19,20,22,13,40,34,14,15,2,3,5,1,7,12,22,23,78,89
224,2025-02-27,19:30,São José,Bauru,83,78,São José,5,83,78,11,7,15,21,20,15,39,46,17,18,5,4,0,0,7,10,20,26,93,90
225,2025-02-27,20:00,Franca,Corinthians,98,89,Franca,9,98,89,14,15,22,13,12,18,28,32,23,20,2,0,2,1,8,4,18,16,120,96
226,2025-02-28,19:30,Fortaleza,Minas,86,92,Minas,6,86,92,13,12,15,19,17,18,36,36,25,18,1,0,2,0,10,5,21,21,104,98
227,2025-02-28,20:00,Flamengo,Pato,91,81,Flamengo,10,91,81,11,11,23,20,12,8,40,41,24,14,2,1,4,1,7,10,16,20,110,82
228,2025-02-28,20:00,Vasco,Mogi,104,82,Vasco,22,104,82,8,12,28,14,24,18,36,28,25,19,3,0,2,0,5,13,21,27,134,81
229,2025-03-03,11:00,Botafogo,São José,71,68,Botafogo,3,71,68,7,6,21,19,8,12,38,42,12,15,4,4,0,0,10,10,19,18,75,73
230,2025-03-03,19:30,União Corinthians,Flamengo,77,82,Flamengo,5,77,82,8,14,16,14,21,12,29,36,16,18,4,2,0,0,7,6,25,22,80,90
231,2025-03-03,19:30,UNIFACISA,Minas,77,79,Minas,2,77,79,7,7,19,22,18,14,48,42,15,17,3,2,1,1,4,5,21,20,91,90
232,2025-03-03,19:30,Franca,Pinheiros,91,82,Franca,9,91,82,13,10,15,23,22,6,33,31,19,17,3,0,1,2,8,4,17,29,109,88
233,2025-03-04,20:00,São Paulo,Fortaleza,75,79,Fortaleza,4,75,79,5,9,22,18,16,16,43,35,22,15,0,1,2,1,7,12,25,27,82,81
234,2025-03-05,19:30,Bauru,Pinheiros,84,81,Bauru,3,84,81,15,9,13,17,13,20,37,36,19,15,4,0,1,0,4,4,24,20,96,80
235,2025-03-05,19:30,Caxias,Flamengo,85,82,Caxias,3,85,82,5,6,18,28,34,8,28,44,15,19,3,0,2,4,7,5,21,30,88,92
236,2025-03-06,19:30,Paulistano,Fortaleza,84,87,Fortaleza,3,84,87,12,12,19,19,10,13,35,36,14,21,3,2,2,2,8,7,20,19,90,103
237,2025-03-07,20:00,Corinthians,São José,72,77,São José,5,72,77,8,13,17,15,14,8,43,41,19,21,4,4,0,2,5,15,20,18,79,93
238,2025-03-08,17:10,Vasco,São Paulo,88,78,Vasco,10,88,78,10,7,20,22,18,13,40,35,21,15,2,1,3,0,3,4,19,20,106,80
239,2025-03-11,20:00,Fortaleza,Bauru,66,74,Bauru,8,66,74,8,6,15,20,12,16,39,35,19,19,0,1,2,3,12,10,18,23,71,86
240,2025-03-12,20:00,Pinheiros,Mogi,91,77,Pinheiros,14,91,77,9,8,21,20,22,13,35,29,17,13,1,0,2,0,5,6,20,25,106,78
241,2025-03-13,20:00,Caxias,São Paulo,76,65,Caxias,11,76,65,9,7,21,15,7,14,45,32,19,17,2,1,1,0,6,5,19,15,96,69
242,2025-03-13,20:00,Vasco,Botafogo,80,66,Vasco,14,80,66,10,4,20,23,10,8,33,43,22,16,1,1,1,0,9,9,18,17,98,69
243,2025-03-14,19:30,Pato,Brasília,98,80,Pato,18,98,80,13,10,24,15,11,20,37,23,22,14,1,0,0,1,7,5,29,16,122,72
244,2025-03-14,19:30,UNIFACISA,Bauru,77,74,UNIFACISA,3,77,74,11,4,18,25,8,12,36,39,20,18,2,2,4,0,10,7,19,19,87,87
245,2025-03-15,17:00,Caxias,Paulistano,99,95,Caxias,4,99,95,8,7,29,27,17,20,51,41,14,21,3,6,1,2,9,8,24,24,113,105
246,2025-03-15,17:10,Corinthians,Mogi,93,73,Corinthians,20,93,73,12,5,21,26,15,6,42,35,24,16,1,1,1,2,3,8,18,20,117,76
247,2025-03-15,19:00,União Corinthians,São Paulo,95,74,União Corinthians,21,95,74,8,11,26,11,19,19,51,33,21,15,3,2,3,0,11,7,25,23,119,68
248,2025-03-17,11:00,Brasília,Botafogo,94,71,Brasília,23,94,71,18,5,14,18,12,20,32,46,21,16,2,3,1,1,8,6,26,19,106,77
249,2025-03-17,19:30,União Corinthians,Paulistano,83,78,União Corinthians,5,83,78,10,8,16,22,21,10,41,36,20,17,1,2,2,5,6,4,20,24,90,83
250,2025-03-17,19:30,Pinheiros,São José,89,80,Pinheiros,9,89,80,8,13,24,14,17,13,43,29,21,17,1,1,7,1,4,11,24,23,109,76
251,2025-03-18,20:00,Franca,Bauru,93,71,Franca,22,93,71,11,9,20,16,20,12,40,38,22,15,2,2,2,1,10,5,20,21,120,73
252,2025-03-19,19:00,Minas,Flamengo,94,70,Minas,24,94,70,12,9,25,17,8,9,42,20,20,17,0,1,3,3,12,10,19,12,117,64
253,2025-03-26,19:00,Minas,Caxias,88,70,Minas,18,88,70,10,5,25,23,8,9,41,28,23,17,2,2,2,4,5,7,16,15,109,77
254,2025-03-26,19:30,Paulistano,Pato,77,94,Pato,17,77,94,4,13,22,23,21,9,31,28,14,28,0,1,4,2,6,9,16,21,79,124
255,2025-03-26,19:30,UNIFACISA,Franca,71,83,Franca,12,71,83,11,10,15,20,8,13,24,41,16,23,1,0,1,3,6,7,17,15,65,107
256,2025-03-27,20:00,Flamengo,Vasco,84,78,Flamengo,6,84,78,11,10,13,16,25,16,39,38,18,16,0,1,3,1,7,2,27,27,93,79
257,2025-03-28,19:30,Fortaleza,Franca,74,83,Franca,9,74,83,10,8,19,21,6,17,33,44,16,16,1,2,2,2,5,4,24,14,79,95
258,2025-03-28,20:00,São Paulo,Pato,65,69,Pato,4,65,69,6,8,19,18,9,9,39,43,13,18,1,2,1,1,7,5,16,20,68,78
259,2025-03-29,16:00,Botafogo,Flamengo,85,92,Flamengo,7,85,92,10,14,21,17,13,16,26,42,21,21,1,1,5,2,8,10,20,20,87,108
260,2025-03-29,17:10,Pinheiros,Corinthians,83,76,Pinheiros,7,83,76,9,9,19,18,18,13,47,41,14,13,1,2,1,0,6,7,22,22,97,77
261,2025-03-29,18:00,Bauru,Caxias,84,67,Bauru,17,84,67,9,4,18,17,21,21,46,34,18,12,6,0,1,1,4,6,27,24,102,58
262,2025-03-29,18:00,Minas,União Corinthians,92,81,Minas,11,92,81,14,10,21,17,8,17,39,35,25,17,5,4,3,1,6,9,21,16,117,88
263,2025-03-31,19:30,São José,Fortaleza,84,71,São José,13,84,71,16,12,15,13,6,9,39,37,25,15,1,0,2,0,9,2,16,21,106,75
264,2025-03-31,19:30,Franca,Caxias,117,57,Franca,60,117,57,13,7,29,14,20,8,40,23,36,13,2,2,8,3,14,10,19,18,169,43
265,2025-03-31,20:00,Mogi,UNIFACISA,66,82,UNIFACISA,16,66,82,7,12,18,18,9,10,37,40,14,11,2,4,3,0,8,9,17,19,65,98
266,2025-04-01,20:00,Brasília,Minas,63,77,Minas,14,63,77,7,11,16,18,10,8,31,32,11,14,2,2,1,1,7,7,16,18,64,87
267,2025-04-01,20:30,Vasco,Paulistano,78,66,Vasco,12,78,66,7,4,17,18,23,18,43,35,18,17,1,3,3,0,3,7,20,26,90,69
268,2025-04-02,19:30,São José,UNIFACISA,78,66,São José,12,78,66,8,10,19,15,16,6,35,37,13,12,0,1,4,2,10,5,16,23,83,60
269,2025-04-02,20:00,Franca,União Corinthians,73,55,Franca,18,73,55,7,5,18,17,16,6,40,38,19,15,4,0,3,1,10,7,15,21,91,52
270,2025-04-02,20:00,Mogi,Fortaleza,75,63,Mogi,12,75,63,10,7,17,15,11,12,38,34,17,12,3,1,3,4,6,5,19,18,88,54
271,2025-04-03,19:30,Pato,Minas,72,75,Minas,3,72,75,11,8,15,22,9,7,33,43,15,15,1,3,1,2,8,10,20,15,77,87
272,2025-04-03,20:00,Botafogo,Paulistano,64,85,Paulistano,21,64,85,1,7,23,21,15,22,33,49,14,21,1,4,2,5,12,3,22,25,65,105
273,2025-04-03,21:00,Flamengo,São Paulo,105,86,Flamengo,19,105,86,13,8,23,23,20,16,32,24,19,24,3,1,1,2,10,7,26,19,125,99
274,2025-04-04,19:30,Bauru,União Corinthians,89,69,Bauru,20,89,69,9,6,22,20,18,11,42,28,25,20,4,0,1,1,10,16,20,19,115,69
275,2025-04-05,11:00,Brasília,Vasco,77,79,Vasco,2,77,79,12,8,13,18,15,19,35,40,11,15,3,1,1,3,5,10,24,24,80,86
276,2025-04-05,16:00,Botafogo,São Paulo,86,85,Botafogo,1,86,85,12,8,20,22,10,17,37,30,19,27,2,5,3,1,8,10,18,18,97,109
277,2025-04-05,17:10,Pato,Franca,67,76,Franca,9,67,76,12,5,12,29,7,3,39,46,11,23,1,3,1,7,6,9,13,16,69,103
278,2025-04-06,11:00,Flamengo,Paulistano,70,63,Flamengo,7,70,63,6,8,19,13,14,13,44,46,15,12,3,2,1,1,16,9,18,20,84,62
279,2025-04-07,19:00,Minas,Vasco,76,69,Minas,7,76,69,11,7,13,18,17,12,40,41,13,17,2,2,2,1,5,4,18,22,84,80
280,2025-04-07,19:00,Fortaleza,Corinthians,79,67,Fortaleza,12,79,67,14,8,14,15,9,13,31,38,17,17,0,1,3,2,8,1,19,14,89,73
281,2025-04-07,19:30,UNIFACISA,Pinheiros,82,66,UNIFACISA,16,82,66,14,7,12,18,16,9,30,35,11,11,0,0,0,1,11,4,17,20,85,55
282,2025-04-08,20:30,Brasília,Flamengo,79,88,Flamengo,9,79,88,14,10,13,24,11,10,30,35,20,18,5,5,1,2,2,7,21,19,87,109
283,2025-04-09,19:00,Minas,Botafogo,97,59,Minas,38,97,59,18,5,13,15,17,14,40,35,21,11,2,1,2,1,4,7,18,19,117,47
284,2025-04-09,19:30,União Corinthians,São José,77,76,União Corinthians,1,77,76,6,9,19,17,21,15,58,47,14,18,2,4,0,0,4,8,24,26,84,81
285,2025-04-09,20:00,Caxias,Mogi,82,75,Caxias,7,82,75,8,6,22,22,14,13,45,36,16,24,2,7,2,4,5,9,21,25,86,95
286,2025-04-10,19:00,Fortaleza,Pinheiros,73,82,Pinheiros,9,73,82,8,10,18,18,13,16,31,43,16,15,0,3,3,1,9,5,22,23,76,93
287,2025-04-10,19:00,Franca,Vasco,91,66,Franca,25,91,66,13,8,21,17,10,8,42,34,22,20,2,3,2,1,12,4,13,18,113,71
288,2025-04-10,19:30,UNIFACISA,Corinthians,74,83,Corinthians,9,74,83,9,12,17,18,13,11,41,38,13,18,2,0,1,3,7,10,21,25,74,95
289,2025-04-11,19:30,União Corinthians,Mogi,96,79,União Corinthians,17,96,79,7,7,27,20,21,18,44,26,19,9,4,1,2,0,2,7,21,27,116,70
290,2025-04-11,20:00,Caxias,São José,73,77,São José,4,73,77,10,9,17,20,9,10,40,43,20,16,3,3,3,3,5,7,19,14,92,89
291,2025-04-12,17:00,São Paulo,Minas,71,67,São Paulo,4,71,67,7,7,19,18,12,10,42,47,19,18,2,1,2,0,9,5,18,16,88,74
292,2025-04-12,18:00,Franca,Botafogo,80,62,Franca,18,80,62,11,6,17,18,13,8,32,33,19,14,2,1,4,3,6,9,16,20,90,57
293,2025-04-13,18:00,Bauru,Flamengo,84,88,Flamengo,4,84,88,8,9,19,21,22,19,40,42,20,16,3,0,1,1,5,7,24,20,95,93
294,2025-04-14,19:30,Paulistano,Minas,66,76,Minas,10,66,76,4,8,24,21,6,10,36,35,12,17,3,3,5,3,9,8,16,19,65,91
295,2025-04-15,20:00,Franca,Flamengo,97,91,Franca,6,97,91,17,12,15,19,16,17,30,42,18,21,4,1,1,3,10,5,19,18,113,112
296,2025-04-16,20:00,Mogi,Pato,90,76,Mogi,14,90,76,11,14,22,12,13,10,33,23,21,21,2,2,3,1,7,7,17,17,115,81
297,2025-04-16,20:00,Pinheiros,União Corinthians,86,55,Pinheiros,31,86,55,7,1,23,21,19,10,46,31,16,14,4,1,6,1,11,11,23,20,110,48
298,2025-04-16,20:30,Corinthians,Caxias,103,98,Corinthians,5,103,98,11,7,29,26,12,25,50,48,23,22,2,0,3,3,11,9,25,21,118,113
299,2025-04-17,19:30,Fortaleza,UNIFACISA,81,73,Fortaleza,8,81,73,8,12,23,14,11,9,40,39,21,18,1,2,3,0,12,12,15,14,102,82
300,2025-04-17,19:30,Bauru,Vasco,75,69,Bauru,6,75,69,10,9,17,16,11,10,41,44,17,16,8,4,4,2,6,6,21,17,91,70
301,2025-04-17,19:30,Paulistano,Brasília,81,69,Paulistano,12,81,69,9,7,15,15,24,18,34,32,17,13,3,2,3,1,7,8,24,26,101,68
302,2025-04-18,18:00,São José,Pato,77,89,Pato,12,77,89,8,11,23,23,7,10,30,37,19,22,3,0,0,0,4,4,14,17,84,107
303,2025-04-18,20:00,Corinthians,União Corinthians,111,81,Corinthians,30,111,81,18,13,22,16,13,10,39,34,24,23,5,3,0,0,5,2,15,21,141,89
304,2025-04-18,20:00,Pinheiros,Caxias,81,65,Pinheiros,16,81,65,9,4,22,19,10,15,46,25,17,9,1,2,4,0,4,10,24,17,95,56
305,2025-04-19,17:00,Bauru,Botafogo,84,85,Botafogo,1,84,85,7,9,22,20,19,18,44,37,16,22,0,2,1,2,10,4,22,21,94,95
306,2025-04-19,17:00,São Paulo,Brasília,88,79,São Paulo,9,88,79,14,13,17,16,12,8,36,32,23,16,3,1,0,2,10,7,16,19,109,83
307,2025-04-22,19:30,UNIFACISA,Pinheiros,50,68,Pinheiros,18,50,68,6,6,13,16,6,18,29,52,9,12,2,1,0,1,6,4,20,17,39,82
308,2025-04-22,20:15,Paulistano,Bauru,93,77,Paulistano,16,93,77,13,9,19,21,16,8,35,21,18,22,0,3,1,2,10,11,14,19,110,93
309,2025-04-23,19:30,São José,Vasco,75,85,Vasco,10,75,85,10,13,13,17,19,12,36,31,14,20,0,0,0,3,6,8,22,23,75,98
310,2025-04-23,20:30,Caxias,Flamengo,52,98,Flamengo,46,52,98,6,17,11,19,12,9,32,38,11,26,1,4,1,1,3,11,16,16,36,136
311,2025-04-24,19:30,Pato,Franca,91,96,Franca,5,91,96,16,14,17,20,9,14,27,33,16,20,0,2,3,1,5,5,23,18,99,117
312,2025-04-24,20:00,São Paulo,Brasília,66,62,São Paulo,4,66,62,6,8,17,15,14,8,37,43,15,11,3,3,0,0,4,5,18,20,77,67
313,2025-04-25,19:30,Bauru,Paulistano,81,63,Bauru,18,81,63,4,6,28,14,13,17,38,34,20,15,2,4,2,2,13,6,23,20,104,62
314,2025-04-25,20:00,Pinheiros,UNIFACISA,77,83,UNIFACISA,6,77,83,10,7,18,25,11,12,44,32,15,15,2,4,1,1,5,8,22,18,83,94
315,2025-04-25,20:00,Corinthians,União Corinthians,97,93,Corinthians,4,97,93,13,13,21,22,16,10,28,36,24,28,3,2,0,2,5,7,19,22,114,117
316,2025-04-26,17:00,Vasco,São José,89,83,Vasco,6,89,83,12,14,21,16,11,9,33,39,25,20,1,0,2,2,6,4,19,15,110,88
317,2025-04-26,18:00,Mogi,Minas,72,85,Minas,13,72,85,9,12,15,16,15,17,36,45,16,14,2,6,1,0,11,6,27,20,81,93
318,2025-04-27,11:00,Pinheiros,UNIFACISA,77,76,Pinheiros,1,77,76,12,12,16,16,9,8,40,24,16,17,3,1,2,2,3,7,18,16,90,87
319,2025-04-27,11:00,Flamengo,Caxias,76,78,Caxias,2,76,78,7,6,22,27,11,6,36,26,17,20,2,4,0,2,4,7,18,17,85,93
320,2025-04-27,18:00,Bauru,Paulistano,60,62,Paulistano,2,60,62,7,5,17,19,5,9,36,44,13,15,2,1,1,1,9,7,23,20,66,68
321,2025-04-28,19:30,Vasco,São José,78,81,São José,3,78,81,10,11,16,18,16,12,39,47,24,15,1,3,0,3,4,9,22,16,93,91
322,2025-04-28,20:00,União Corinthians,Corinthians,93,71,União Corinthians,22,93,71,8,7,30,23,9,4,36,44,30,15,5,2,1,2,6,3,18,19,125,75
323,2025-04-28,20:15,Brasília,São Paulo,54,69,São Paulo,15,54,69,7,9,13,13,7,16,37,44,9,13,0,4,0,0,9,8,28,16,41,81
324,2025-04-29,19:00,Minas,Mogi,88,65,Minas,23,88,65,6,7,26,15,18,14,44,34,22,14,3,1,1,2,4,5,18,27,112,59
325,2025-04-29,20:00,Franca,Pato,84,65,Franca,19,84,65,10,7,22,18,10,8,39,25,14,14,2,0,5,2,8,9,17,19,101,57
326,2025-04-29,21:00,Flamengo,Caxias,80,77,Flamengo,3,80,77,7,7,24,22,11,12,45,41,18,14,1,4,2,0,7,6,21,21,93,85
327,2025-04-30,19:30,União Corinthians,Corinthians,80,92,Corinthians,12,80,92,11,7,14,31,19,9,34,34,17,22,2,2,1,2,6,10,20,21,83,112
328,2025-04-30,19:30,Paulistano,Bauru,54,84,Bauru,30,54,84,4,12,15,18,12,12,29,34,17,21,0,2,0,2,3,11,17,19,49,115
329,2025-04-30,20:15,Brasília,São Paulo,86,81,Brasília,5,86,81,11,11,14,18,25,12,46,28,11,17,4,1,0,1,7,8,21,26,93,90
330,2025-05-01,18:00,Minas,Mogi,76,57,Minas,19,76,57,7,7,22,14,11,8,46,36,17,14,1,1,3,2,9,4,17,18,92,50
331,2025-05-01,19:00,Franca,Pato,101,82,Franca,19,101,82,15,12,19,19,18,8,34,27,25,15,1,2,4,1,3,7,17,19,123,84
332,2025-05-01,19:30,UNIFACISA,Pinheiros,86,79,UNIFACISA,7,86,79,13,10,15,16,17,17,42,31,12,16,3,0,1,0,6,5,22,23,96,80
333,2025-05-02,19:30,São José,Vasco,83,88,Vasco,5,83,88,11,17,18,13,14,11,41,31,17,18,1,2,2,1,6,4,19,23,89,101
334,2025-05-02,20:00,Caxias,Flamengo,63,86,Flamengo,23,63,86,7,9,16,26,10,7,31,37,10,20,0,3,1,2,5,8,15,15,54,109
335,2025-05-03,11:00,Corinthians,União Corinthians,79,72,Corinthians,7,79,72,10,6,13,23,23,8,43,36,14,14,2,1,2,0,7,12,20,27,84,74
336,2025-05-03,18:00,Bauru,Paulistano,85,80,Bauru,5,85,80,11,9,13,19,26,15,39,30,16,16,0,0,1,3,4,10,21,28,92,82
337,2025-05-03,18:30,São Paulo,Brasília,78,77,São Paulo,1,78,77,7,12,19,12,19,17,54,39,17,16,1,3,0,0,4,9,19,24,87,82
338,2025-05-04,11:00,Pinheiros,UNIFACISA,72,58,Pinheiros,14,72,58,9,10,14,11,17,6,48,33,21,12,3,5,4,1,3,2,18,22,91,55
339,2025-05-09,20:00,Vasco,Minas,86,90,Minas,4,86,90,14,13,13,16,18,19,32,33,16,10,3,1,0,0,8,5,23,24,97,94
340,2025-05-09,20:30,São Paulo,Bauru,85,96,Bauru,11,85,96,12,12,17,27,15,6,29,32,23,25,1,1,0,2,3,8,13,17,94,119
341,2025-05-10,11:00,Corinthians,Flamengo,88,94,Flamengo,6,88,94,10,13,24,22,10,11,40,30,24,22,2,1,0,1,5,12,20,18,104,109
342,2025-05-10,15:00,Pinheiros,Franca,76,89,Franca,13,76,89,10,7,17,23,12,22,43,32,17,12,2,5,4,2,3,9,21,18,80,111
343,2025-05-12,19:00,Minas,Vasco,86,76,Minas,10,86,76,8,8,21,18,20,16,38,40,18,15,2,7,6,3,7,4,20,26,96,83
344,2025-05-12,19:30,Bauru,São Paulo,84,67,Bauru,17,84,67,10,4,21,18,12,19,38,28,22,16,1,1,2,2,7,9,20,19,101,72
345,2025-05-13,19:00,Franca,Pinheiros,70,71,Pinheiros,1,70,71,7,7,16,16,17,18,29,38,12,16,1,3,1,4,11,8,21,23,70,82
346,2025-05-13,20:15,Flamengo,Corinthians,73,90,Corinthians,17,73,90,14,11,13,25,5,7,37,35,18,25,2,2,0,2,6,15,14,15,76,116
347,2025-05-14,19:00,Minas,Vasco,83,63,Minas,20,83,63,8,7,19,16,21,10,55,37,20,16,3,5,2,5,2,6,20,24,103,65
348,2025-05-14,21:00,Bauru,São Paulo,89,85,Bauru,4,89,85,13,9,15,18,20,22,39,34,15,18,2,3,2,2,9,8,27,26,96,93
349,2025-05-15,18:30,Flamengo,Corinthians,85,82,Flamengo,3,85,82,9,9,19,23,20,9,43,42,17,23,1,0,1,0,8,6,16,20,97,95
350,2025-05-15,20:00,Franca,Pinheiros,92,69,Franca,23,92,69,12,4,23,24,10,9,41,38,16,9,2,0,1,0,4,4,15,22,112,62
351,2025-05-18,10:00,Corinthians,Flamengo,78,80,Flamengo,2,78,80,7,10,22,18,13,14,39,32,23,20,4,1,0,1,5,6,15,16,97,91
352,2025-05-18,11:00,Pinheiros,Franca,72,66,Pinheiros,6,72,66,12,9,15,11,6,17,40,35,11,13,3,3,0,1,5,5,22,19,76,66
353,2025-05-21,19:00,Franca,Pinheiros,83,58,Franca,25,83,58,14,6,14,14,13,12,35,38,20,10,1,2,4,4,4,6,17,20,102,52
354,2025-05-23,20:00,Bauru,Minas,59,74,Minas,15,59,74,10,5,12,23,5,13,38,49,14,23,2,2,2,1,8,6,18,12,57,98
355,2025-05-24,17:00,Franca,Flamengo,93,107,Flamengo,14,93,107,9,17,21,21,24,14,28,30,14,23,2,0,0,4,7,7,17,22,101,126
356,2025-05-26,19:00,Minas,Bauru,73,69,Minas,4,73,69,9,7,15,18,16,12,48,44,16,19,6,2,2,1,12,5,14,18,89,75
357,2025-05-27,20:00,Flamengo,Franca,78,85,Franca,7,78,85,9,8,20,18,11,25,31,34,16,10,0,3,4,2,4,5,24,19,75,94
358,2025-05-28,19:00,Minas,Bauru,70,65,Minas,5,70,65,6,6,22,19,8,9,39,45,14,15,4,2,2,2,8,5,14,16,78,72
359,2025-05-29,20:00,Flamengo,Franca,86,75,Flamengo,11,86,75,9,8,24,18,11,15,44,39,19,15,2,7,4,1,6,6,22,19,108,85
360,2025-06-01,11:00,Franca,Flamengo,102,86,Franca,16,102,86,11,13,24,18,21,11,38,32,19,21,3,2,3,5,10,4,19,18,132,94
361,2025-06-03,20:00,Flamengo,Franca,95,98,Franca,3,95,98,15,16,21,17,8,16,37,37,22,20,1,6,4,1,7,3,19,18,111,120
362,2025-06-07,17:00,Franca,Minas,65,69,Minas,4,65,69,10,6,13,21,9,9,31,49,14,5,2,1,2,1,6,7,16,17,69,73
363,2025-06-12,19:30,Minas,Franca,78,94,Franca,16,78,94,10,14,19,18,10,16,33,35,17,19,0,1,0,6,9,10,18,18,84,117
364,2025-06-14,17:00,Minas,Franca,73,83,Franca,10,73,83,8,8,15,19,19,21,37,39,8,10,3,4,1,2,4,4,20,24,68,96
365,2025-06-18,18:30,Franca,Minas,86,73,Franca,13,86,73,13,9,14,14,19,18,46,30,15,8,1,1,1,1,3,6,20,20,104,63